Nodes	Duration

7	0.0326262
7	0.018012
