Nodes	Duration
4	0.0479701
1	0.696444
