Nodes	Duration
1	0.314948
1	0.306728
1	0.386501
